store_id,uptime_last_hour,uptime_last_day,update_last_week,downtime_last_hour,downtime_last_day,downtime_last_week
2248475475305181449,49.83,19.96,147.27,10.17,4.04,20.73
955537157727089805,0.0,10.12,154.12,60.0,13.88,13.88
5606755809537460723,0.0,0.0,43.51,60.0,24.0,124.49
514003066631838188,0.0,0.0,42.63,60.0,24.0,125.37
8827394301297670844,60.0,17.99,142.09,0.0,6.01,25.91
8444136742823051302,60.0,24.0,168.0,0.0,0.0,0.0
7832590722878413297,60.0,22.01,105.23,0.0,1.99,62.77
5793938162326382521,0.0,0.0,69.96,60.0,24.0,98.04
3820046627859013224,60.0,24.0,168.0,0.0,0.0,0.0
